timestamp,date
2025-12-21T08:59:37.847Z,2025-12-21
2025-12-21T09:00:40.742Z,2025-12-21
2025-12-21T09:12:20.275Z,2025-12-21
2025-12-21T09:13:30.559Z,2025-12-21
2025-12-21T09:14:22.093Z,2025-12-21
2025-12-21T09:26:43.212Z,2025-12-21
2025-12-21T09:33:27.311Z,2025-12-21
2025-12-21T09:33:31.850Z,2025-12-21
2025-12-21T09:36:26.482Z,2025-12-21
2025-12-21T09:39:53.542Z,2025-12-21
2025-12-21T15:58:57.239Z,2025-12-21
2025-12-21T15:59:38.512Z,2025-12-21
2025-12-21T15:59:47.013Z,2025-12-21
2025-12-21T16:08:49.093Z,2025-12-21
2025-12-21T16:16:33.873Z,2025-12-21
2025-12-21T16:19:30.859Z,2025-12-21
2025-12-21T16:34:07.496Z,2025-12-21
2025-12-21T16:34:24.149Z,2025-12-21
2025-12-21T16:36:30.215Z,2025-12-21
2025-12-21T16:40:07.855Z,2025-12-21
2025-12-21T16:40:15.097Z,2025-12-21
2025-12-21T16:43:25.476Z,2025-12-21
2025-12-21T16:43:36.331Z,2025-12-21
2025-12-21T16:43:46.089Z,2025-12-21
